"","Country","AgriLand","RuralPop","AdoFertRate","CO2","Exports","FertRate","GNI","Imports","Literacy","PopGrowth","PopTotal","UrbanPop","Pop14Below","Diabetes","DPTVaccine","Pop65Above","MeaslesVacc","LegalRights","PM25","PopDensity","Cellphones","AirTravel","TourismIn","InfantMort","LifeExp","ThreatPlant","ThreatMammal","ThreatFish","CovidCases","CovidDeaths","Govt","Climate"
"1","Afghanistan",58.068,74.505,65.141,0.294,NA,4.473,550,NA,43.02,2.385,37172386,25.495,43.683,9.2,66,2.585,64,"strong",56.911,56.938,59.121,24433.446,3.103,47.9,64.486,5,11,4,1092,36,"presidential republic","arid"
"3","Albania",43.128,39.681,19.572,1.979,31.685,1.617,4860,45.398,98.141,-0.247,2866376,60.319,18.028,9,99,13.745,94,"relatively strong",18.201,104.612,94.177,2935,48.195,7.8,78.458,4,3,44,609,26,"parliamentary republic","temperate"
"4","Algeria",17.366,27.371,9.834,3.736,25.624,3.023,NA,32.341,81.408,2.007,42228429,72.629,29.64,6.7,91,6.362,80,"weak",38.884,17.73,111.665,77463,NA,20.1,76.693,22,14,41,2811,392,"presidential republic","arid"
"5","American Samoa",24.5,12.847,NA,NA,68.868,NA,NA,99.371,NA,-0.279,55465,87.153,NA,NA,NA,NA,NA,NA,12.474,277.325,NA,NA,NA,NA,NA,1,1,12,NA,NA,"other","tropical"
"6","Andorra",39.957,11.938,NA,5.833,NA,NA,NA,NA,NA,0.006,77006,88.062,NA,7.7,99,NA,99,NA,10.308,163.843,107.283,NA,NA,2.7,NA,0,2,0,717,37,"parliamentary democracy","temperate"
"7","Angola",47.477,34.486,147.958,1.29,NA,5.519,3370,NA,NA,3.276,30809762,65.514,46.953,4.5,59,2.216,50,"weak",32.389,24.713,43.131,13978,1.346,51.6,60.782,34,18,53,24,2,"presidential republic","arid"
"10","Antigua and Barbuda",20.455,75.401,41.831,5.744,NA,1.994,15890,NA,NA,0.897,96286,24.599,22.232,13.1,95,8.8,96,"relatively weak",18.622,218.832,NA,23206.966,84.311,5,76.885,4,2,31,24,3,"monarchy","tropical"
"11","Arab World",36.611,41.075,NA,4.887,47.369,NA,6367.237,39.564,74.597,1.916,419790588,58.925,32.889,12.536,86.246,4.558,84.839,"weak",58.689,37.372,99.432,1493348.769,9.989,26.478,NA,415,248,672,NA,NA,NA,NA
"13","Argentina",54.336,8.13,62.565,4.782,14.281,2.261,12390,16.42,99.004,1.016,44494502,91.87,24.927,5.9,86,11.118,94,"weak",13.312,16.259,132.093,161688,7.857,8.8,76.52,70,38,42,3132,151,"presidential republic","temperate"
"14","Armenia",58.897,36.851,20.886,1.899,37.807,1.755,4230,53.482,NA,0.236,2951776,63.149,20.454,6.1,92,11.254,95,"relatively weak",32.528,103.68,121.259,NA,26.317,11,74.945,74,9,3,1473,24,"parliamentary democracy","other"
"15","Aruba",11.111,56.589,21.174,8.41,NA,1.896,NA,NA,97.807,0.454,105845,43.411,17.98,11.6,NA,13.551,NA,NA,NA,588.028,NA,2276,NA,NA,76.152,2,2,24,97,2,"parliamentary democracy","tropical"
"18","Australia",48.242,13.988,11.326,15.389,21.805,1.74,53230,21.388,NA,1.536,24982688,86.012,19.065,5.6,95,15.656,95,"strong",8.55,3.249,113.579,665384,14.461,3.1,82.749,108,63,125,6647,74,"monarchy","arid"
"19","Austria",32.357,41.703,7.044,6.87,55.756,1.52,49310,52.034,NA,0.487,8840521,58.297,14.231,6.6,85,19.002,94,"relatively weak",12.478,107.207,123.535,130260,10.012,2.9,81.644,17,3,11,14833,463,"parliamentary republic","temperate"
"20","Azerbaijan",57.736,44.32,56.498,3.932,54.292,1.8,4050,37.719,NA,0.867,9939800,55.68,23.288,6.1,95,6.195,96,"relatively strong",19.929,120.265,103.921,19960,11.105,19.2,72.864,44,8,14,1480,20,"presidential republic","arid"
"21","Bahamas, The",1.399,16.975,29.225,6.52,36.08,1.752,30520,41.27,NA,1.011,385640,83.025,22.874,8.8,90,7.258,89,"relatively weak",17.368,38.525,98.951,56629.457,77.247,8.3,73.752,7,5,43,NA,NA,"monarchy","tropical"
"22","Bahrain",11.054,10.713,13.239,23.455,79.936,1.987,21890,71.657,97.464,4.921,1569439,89.287,19.841,15.6,99,2.426,99,"weak",70.816,2017.274,133.341,57094,12.739,6.1,77.163,0,3,14,1973,7,"monarchy","arid"
"23","Bangladesh",70.632,63.368,82.313,0.474,14.801,2.036,1750,23.444,73.912,1.05,161356039,36.632,28.225,9.2,98,5.158,97,"relatively weak",60.846,1239.579,100.245,101383.466,0.808,25.1,72.32,23,37,29,3382,110,"parliamentary republic","tropical"
"24","Barbados",23.256,68.853,31.13,4.467,41.989,1.619,15410,40.891,NA,0.142,286641,31.147,17.64,13.4,95,15.803,85,"relatively weak",23.08,666.607,114.891,NA,NA,11.3,79.081,3,3,29,75,5,"monarchy","tropical"
"25","Belarus",42.035,21.405,13.752,6.702,70.199,1.448,5670,69.144,99.757,-0.156,9483499,78.595,16.708,5,97,14.845,97,"weak",18.766,46.729,122.925,31676,2.89,2.6,74.176,1,4,2,6723,55,"presidential republic","other"
"26","Belgium",44.61,1.999,4.57,8.328,82.576,1.65,45910,82.739,NA,0.509,11433256,98.001,17.036,4.6,98,18.789,96,"relatively strong",12.887,377.215,99.697,140674,2.315,2.9,81.595,0,2,13,40956,5998,"monarchy","temperate"
"27","Belize",7.014,54.276,68.049,1.401,57.702,2.307,4470,58.008,NA,1.925,383071,45.724,30.904,17.1,96,4.736,97,"relatively weak",23.012,16.794,85.527,125681.691,45.206,11.2,74.496,46,10,45,18,2,"monarchy","tropical"
"28","Benin",33.256,52.688,84.036,0.614,35.384,4.836,870,44.191,42.362,2.735,11485048,47.312,42.669,1,76,3.254,71,"relatively weak",39,101.854,82.384,NA,NA,60.5,61.47,20,13,40,54,1,"presidential republic","tropical"
"29","Bermuda",5.556,0,NA,8.838,NA,1.6,NA,NA,NA,0.155,63973,100,NA,6.7,NA,NA,NA,NA,11.646,1184.593,NA,NA,36.948,NA,81.652,8,4,27,98,5,"parliamentary democracy","tropical"
"30","Bhutan",13.606,59.105,18.895,1.392,30.82,1.975,2970,55.892,NA,1.177,754394,40.895,26.219,10.3,97,6.003,97,"relatively weak",37.927,19.778,93.262,5187,15.541,24.8,71.46,43,25,3,6,0,"monarchy","other"
"31","Bolivia",34.787,30.575,63.904,1.906,25.989,2.73,3370,31.121,NA,1.422,11353142,69.425,31.535,6.8,83,7.192,89,"weak",21.569,10.48,100.816,56592,9.377,21.8,71.239,106,21,8,609,37,"presidential republic","other"
"32","Bosnia and Herzegovina",43.145,51.755,9.149,6.385,40.587,1.265,5740,55.781,NA,-0.827,3323929,48.245,14.796,9,73,16.47,68,"relatively strong",27.748,64.92,104.126,NA,12.726,5,77.262,3,4,36,1340,50,"parliamentary republic","other"
"33","Botswana",45.633,30.554,45.358,3.367,39.355,2.874,7750,37.766,NA,2.198,2254126,69.446,34.439,5.8,95,4.224,97,"relatively weak",23.094,3.977,150.006,6774,7.837,30,69.275,3,11,2,20,1,"parliamentary republic","arid"
"35","Brazil",33.925,13.431,57.886,2.613,14.805,1.73,9140,14.277,93.228,0.784,209469333,86.569,21.684,10.4,83,8.923,84,"weak",12.707,25.062,98.843,832683,2.3,12.8,75.672,558,80,93,43079,2741,"presidential republic","temperate"
"37","British Virgin Islands",46.667,52.277,NA,6.198,NA,NA,NA,NA,NA,0.758,29802,47.723,NA,14.2,NA,NA,NA,NA,NA,198.68,134.065,NA,NA,NA,NA,20,1,31,5,1,"parliamentary democracy","tropical"
"39","Brunei Darussalam",2.732,22.371,9.712,22.229,51.932,1.848,29660,41.964,97.214,1.052,428962,77.629,23.496,13.3,99,4.873,99,"strong",5.903,81.397,131.934,11310,2.699,9.8,75.722,127,33,14,NA,NA,NA,NA
"40","Bulgaria",46.251,24.992,39.327,5.872,66.94,1.56,8860,64.311,NA,-0.722,7025037,75.008,14.445,6,92,21.022,93,"relatively strong",19.149,64.704,118.94,11435,11.673,5.9,74.866,9,8,22,975,45,"parliamentary republic","temperate"
"41","Burkina Faso",44.225,70.642,102.066,0.162,30.792,5.189,670,37.239,41.224,2.867,19751535,29.358,45.182,7.3,91,2.407,88,"relatively weak",42.936,72.191,97.912,4270,NA,49,61.174,4,9,4,600,38,"presidential republic","arid"
"43","Burundi",79.167,86.968,54.752,0.045,7.761,5.41,280,30.503,NA,3.167,11175378,13.032,45.555,5.1,90,2.247,88,"weak",38.896,435.178,56.535,NA,1.368,41,61.247,89,14,17,6,1,"presidential republic","other"
"44","Cabo Verde",19.603,34.268,72.695,0.948,48.779,2.274,3420,68.208,NA,1.16,543767,65.732,29.183,2.4,98,4.609,99,"weak",34.779,134.93,112.241,1546,53.584,16.7,72.782,51,4,35,NA,NA,"parliamentary republic","temperate"
"45","Cambodia",30.903,76.612,50.72,0.438,61.596,2.503,1390,63.303,NA,1.49,16249798,23.388,31.272,6.4,92,4.569,84,"strong",25.614,92.056,119.492,14387,26.241,24,69.57,37,39,48,122,0,"monarchy","tropical"
"46","Cameroon",20.626,43.626,103.494,0.309,19.314,4.572,1440,23.698,77.071,2.612,25216237,56.374,42.867,6,79,2.729,71,"relatively weak",72.793,53.344,73.19,5550,8.67,50.6,58.921,555,46,122,1163,42,"presidential republic","arid"
"47","Canada",6.892,18.589,8.035,15.159,32.131,1.499,44940,34.093,NA,1.398,37057765,81.411,15.87,7.6,91,17.232,90,"relatively strong",6.428,4.075,89.58,1475062.586,4.034,4.3,81.949,18,18,44,38413,1834,"monarchy","temperate"
"48","Caribbean small states",6.268,48.801,NA,8.871,NA,NA,9240.086,NA,NA,0.601,7358965,51.199,23.975,11.629,96.34,8.797,91.717,"relatively weak",19.01,18.177,112.267,244659.386,35.702,14.863,NA,412,61,429,NA,NA,NA,NA
"49","Cayman Islands",11.25,0,NA,8.919,NA,NA,NA,NA,NA,1.242,64174,100,NA,6.8,NA,NA,NA,NA,NA,267.392,NA,NA,NA,NA,NA,22,1,31,66,1,"parliamentary democracy","tropical"
"50","Central African Republic",8.154,58.636,126.964,0.067,18.884,4.721,490,46.98,37.396,1.519,4666377,41.364,44.646,6,47,2.826,49,"relatively weak",56.828,7.49,27.414,NA,NA,84.5,52.805,26,16,3,14,0,"presidential republic","tropical"
"51","Central Europe and the Baltics",46.716,37.668,NA,6.149,65.229,NA,14563.876,62.38,NA,-0.221,102511922,62.332,14.995,6.296,93.444,18.46,93.491,"relatively strong",17.633,92.766,124.364,528364,6.169,4.189,NA,137,50,182,NA,NA,NA,NA
"52","Chad",39.656,76.941,157.914,0.053,35.995,5.747,670,37.881,NA,3.024,15477751,23.059,47.401,6,41,2.481,37,"relatively weak",66.029,12.292,45.124,NA,NA,71.4,53.977,6,16,1,34,0,"presidential republic","tropical"
"53","Channel Islands",46.465,69.086,6.639,NA,NA,1.51,NA,NA,NA,1.081,170499,30.914,15.327,3.9,NA,17.297,NA,NA,NA,861.106,NA,NA,NA,NA,82.928,NA,NA,NA,NA,NA,NA,NA
"54","Chile",21.172,12.436,40.138,4.649,28.812,1.649,14670,28.719,NA,1.391,18729160,87.564,20.024,8.6,95,11.53,93,"relatively weak",21.036,25.189,134.437,134661,4.633,6.2,80.042,73,19,27,10832,147,"presidential republic","temperate"
"55","China",56.212,40.848,7.643,7.544,19.515,1.69,9460,18.731,96.841,0.456,1392730000,59.152,17.937,9.2,99,10.921,99,"relatively weak",52.665,148.349,115.526,4692008,1.523,7.4,76.704,593,73,136,83864,4636,"other","other"
"59","Colombia",40.257,19.222,65.482,1.79,15.926,1.807,6180,20.825,95.093,1.517,49648685,80.778,23.557,7.4,92,8.478,95,"strong",16.527,44.749,129.909,358847,12.251,12.2,77.109,268,58,99,4149,196,"presidential republic","tropical"
"60","Comoros",71.467,71.035,64.061,0.203,13.248,4.205,1380,29.847,58.817,2.239,832322,28.965,39.772,12.3,91,3.007,90,"relatively weak",20.547,447.244,59.941,NA,50.435,51.3,64.118,9,5,11,NA,NA,"presidential republic","tropical"
"61","Congo, Dem. Rep.",11.557,55.54,122.606,0.063,33.62,5.919,490,37.342,NA,3.227,84068091,44.46,46.283,6,81,3.018,80,"relatively weak",44.909,37.083,43.382,18612.196,0.376,68.2,60.368,148,32,94,NA,NA,NA,NA
"63","Congo, Rep.",31.119,33.084,110.936,0.653,98.889,4.428,1640,56.022,80.299,2.582,5244363,66.916,41.944,6,75,2.682,75,"relatively weak",46.638,15.357,95.341,8439,NA,36.2,64.29,46,15,57,NA,NA,NA,NA
"67","Costa Rica",34.459,20.66,52.519,1.618,33.748,1.754,11520,33.242,97.864,0.995,4999441,79.34,21.577,9.1,94,9.55,94,"strong",15.726,97.913,169.931,39730,19.397,7.6,80.095,143,11,64,669,6,"presidential republic","tropical"
"68","Cote d'Ivoire",64.78,49.221,116.158,0.488,29.797,4.649,1600,29.247,47.165,2.552,25069229,50.779,42.167,2.4,82,2.859,71,"relatively weak",25.886,78.834,134.858,15188,NA,59.4,57.422,118,31,59,NA,NA,"presidential republic","arid"
"69","Croatia",27.591,43.053,8.265,3.974,50.517,1.47,14000,51.362,NA,-0.893,4087843,56.947,14.438,5.4,93,20.445,93,"relatively weak",17.902,73.077,105.583,27189,38.587,4,78.071,8,9,64,1908,48,"parliamentary republic","mediterranean"
"70","Cuba",59.861,22.963,51.516,3.081,14.502,1.618,NA,12.593,NA,-0.01,11338138,77.037,16.406,9.6,99,15.186,99,NA,19.706,109,47.392,8733.666,NA,3.7,78.726,179,10,44,1137,38,"other","tropical"
"71","Curacao",NA,10.855,27.614,37.726,NA,1.7,NA,NA,NA,-0.234,159800,89.145,19.279,11.6,NA,16.685,NA,NA,NA,NA,114.524,NA,31.568,NA,NA,2,3,28,14,1,"parliamentary democracy","tropical"
"72","Cyprus",12.157,33.19,4.459,5.26,73.066,1.329,28570,72.28,NA,0.809,1189265,66.81,16.837,9,99,13.719,90,"relatively strong",17.294,128.708,138.9,5456,18.923,1.9,80.828,22,6,24,784,17,"presidential republic","temperate"
"73","Czech Republic",45.183,26.208,11.931,9.166,78.386,1.69,20240,72.003,NA,0.334,10629928,73.792,15.385,7,96,19.421,96,"relatively strong",16.071,137.603,119.114,50694,4.312,2.7,78.978,26,3,2,7041,201,NA,NA
"75","Denmark",62.015,12.126,4.169,5.936,55.642,1.75,60140,49.595,NA,0.496,5793636,87.874,16.492,8.3,97,19.813,95,"relatively strong",10.03,138.067,125.119,NA,4.598,3.6,81.351,1,2,18,7695,370,"monarchy","temperate"
"77","Djibouti",73.425,22.223,18.443,0.804,148.777,2.728,3190,178.881,NA,1.558,958920,77.777,29.982,5.1,84,4.528,86,"relatively weak",45.55,41.368,41.196,NA,NA,49.8,66.582,3,11,23,945,2,"presidential republic","desert"
"78","Dominica",33.333,29.517,NA,1.909,42.927,NA,7090,65.096,NA,0.233,71625,70.483,NA,11.6,94,NA,84,"relatively weak",19.493,95.5,105.788,NA,68.538,32.9,NA,12,3,31,16,0,"parliamentary republic","tropical"
"79","Dominican Republic",48.686,18.926,93.034,2.119,23.551,2.346,7760,28.505,NA,1.079,10627165,81.074,28.251,8.6,94,7.083,95,"weak",13.726,219.979,84.102,NA,37.446,24.1,73.892,47,7,29,5044,245,"presidential republic","tropical"
"80","Early-demographic dividend",41.466,54.869,NA,2.298,27.122,NA,3567.834,29.171,79.351,1.308,NA,45.131,29.227,10.091,85.452,5.818,85.287,"relatively weak",60.359,98.138,96.688,6188980.518,8.663,28.687,NA,6415,1406,2603,NA,NA,NA,NA
"81","East Asia & Pacific",47.784,40.947,NA,6.294,29.811,NA,10982.313,28.223,95.608,0.606,NA,59.053,19.889,8.203,91.343,10.744,91.824,"relatively strong",39.75,95.432,122.204,10252929.855,5.428,12.5,NA,3799,934,1630,NA,NA,NA,NA
"82","East Asia & Pacific (excluding high income)",48.814,44.366,NA,5.776,25.032,NA,7600.549,24.255,95.866,0.653,2081651801,55.634,20.625,8.488,90.94,9.496,91.522,"relatively weak",42.539,130.81,120.239,7384072.855,4.498,13.084,NA,2891,739,1108,NA,NA,NA,NA
"83","East Asia & Pacific (IDA & IBRD countries)",49.019,44.445,NA,5.828,25.032,NA,7680.525,24.254,95.815,0.655,2056064424,55.555,20.628,8.514,90.866,9.498,91.443,"relatively strong",42.671,130.185,120.239,7383612.855,4.498,13.077,NA,2878,732,1097,NA,NA,NA,NA
"84","Ecuador",22.21,36.179,78.763,2.753,22.82,2.427,6110,23.047,NA,1.766,17084357,63.821,28.362,5.5,85,7.157,83,"weak",14.886,68.789,92.323,53033,7.615,12.2,76.8,1859,47,61,10398,520,"presidential republic","tropical"
"86","Egypt, Arab Rep.",3.751,57.296,53.086,2.233,18.912,3.326,2800,29.366,NA,2.033,98423595,42.704,33.776,17.2,95,5.23,94,"relatively weak",86.999,98.873,95.287,104473,24.611,18.1,71.825,8,18,58,NA,NA,NA,NA
"87","El Salvador",76.448,27.977,68.614,0.998,28.908,2.039,3820,48.618,89.009,0.509,6420744,72.023,27.446,8.8,81,8.287,81,"relatively strong",24.472,309.881,146.922,27601,18.188,11.8,73.096,33,6,17,225,7,"presidential republic","tropical"
"88","Equatorial Guinea",10.125,27.857,153.452,4.764,58.108,4.513,6840,43.347,NA,3.655,1308974,72.143,37.285,6,25,2.458,30,"relatively weak",53.241,46.666,45.167,19549.221,NA,62.6,58.402,98,23,44,79,0,"presidential republic","tropical"
"89","Eritrea",75.168,NA,50.703,NA,NA,4.056,NA,NA,76.571,NA,NA,NA,NA,5.1,95,NA,99,"weak",48.03,NA,NA,919,NA,31.3,65.941,6,15,29,39,0,"presidential republic","desert"
"90","Estonia",23.073,31.12,7.099,14.849,74.257,1.59,21140,70.744,NA,0.348,1321977,68.88,16.222,4.2,92,19.626,87,"relatively strong",6.732,30.386,145.438,790,10.223,2.1,78.544,0,1,5,1552,43,"parliamentary republic","other"
"91","Eswatini",71.047,76.201,75.355,1.098,40.501,2.99,3930,43.912,88.419,1.012,1136191,23.799,38.344,4.5,90,4.015,89,"relatively weak",17.169,66.058,NA,NA,0.864,43,59.401,13,9,5,NA,NA,"monarchy","temperate"
"92","Ethiopia",36.259,79.237,65.075,0.118,8.367,4.247,790,22.799,NA,2.62,109224559,20.763,41.251,4.3,72,3.501,61,"weak",38.979,109.225,NA,110971,46.535,39.1,66.24,64,34,14,114,3,"parliamentary republic","tropical"
"93","Euro area",43.036,23.008,NA,6.475,45.9,NA,38774.486,42.155,NA,0.181,341783171,76.992,15.105,6.756,94.346,20.6,94.279,"relatively weak",12.525,127.582,122.563,4557258.939,6.327,3.019,NA,687,99,534,NA,NA,NA,NA
"94","Europe & Central Asia",29.341,27.816,NA,6.916,43.768,NA,24328.652,40.325,98.334,0.369,918793590,72.184,17.942,6.685,93.887,16.349,95.2,"relatively weak",18.082,33.497,123.784,8484576.159,6.289,7.5,NA,1306,350,1239,NA,NA,NA,NA
"95","Europe & Central Asia (excluding high income)",28.179,33.053,NA,7.421,34.338,NA,7804.195,30.16,99.001,0.502,417797257,66.947,20.889,7.212,93.318,12.047,96.118,"relatively strong",24.434,18.477,125.569,2045469.917,7.573,11.057,NA,470,188,458,NA,NA,NA,NA
"96","Europe & Central Asia (IDA & IBRD countries)",28.427,33.713,NA,7.396,37.59,NA,8379.286,33.604,98.982,0.449,459865205,66.287,20.33,7.097,93.412,12.576,95.923,"relatively strong",24.079,20.017,126.164,2196561.917,7.627,10.601,NA,489,201,530,NA,NA,NA,NA
"97","European Union",42.822,25.484,8.929,7.308,44.769,1.557,34469.538,41.859,NA,0.147,446786293,74.516,15.146,6.668,94.244,20.163,94.181,"relatively weak",13.466,105.407,122.164,5009657.939,6.292,3.267,80.971,839,143,742,NA,NA,NA,"temperate"
"99","Faroe Islands",2.149,57.936,NA,12.463,NA,2.5,NA,NA,NA,0.343,48497,42.064,NA,4.7,NA,NA,NA,NA,NA,34.74,117.104,NA,NA,NA,82.549,0,4,13,NA,NA,"parliamentary democracy","other"
"100","Fiji",23.262,43.752,49.141,1.35,NA,2.774,5860,NA,NA,0.684,883483,56.248,29.651,14.7,99,5.45,94,"relatively weak",10.84,48.357,NA,24134,51.324,21.6,67.341,78,7,20,18,0,"parliamentary republic","tropical"
"101","Finland",7.486,14.618,5.659,8.661,38.561,1.49,48280,39.293,NA,0.133,5515525,85.382,16.251,5.6,91,21.721,96,"relatively weak",5.861,18.157,129.469,125804,5.279,1.4,81.834,2,2,6,4014,141,"parliamentary republic","temperate"
"102","Fragile and conflict affected situations",31.067,55.063,91.476,0.896,38.663,4.533,1576.182,37.026,63.755,2.19,743958386,44.937,41.168,6.599,70.135,3.382,72.122,"relatively weak",42.217,39.869,73.72,281256.96,9.173,57.011,61.496,1410,504,1039,NA,NA,NA,NA
"103","France",52.448,19.556,4.736,4.573,31.337,1.9,41080,32.111,NA,0.167,66977107,80.444,18.11,4.8,96,20.035,90,"relatively weak",11.815,122.338,108.357,597412,8.078,3.4,82.527,47,9,53,117324,20796,"presidential republic","mediterranean"
"104","French Polynesia",12.432,38.166,38.487,2.956,NA,1.941,NA,NA,NA,0.569,277679,61.834,22.887,19.5,NA,8.291,NA,NA,NA,75.869,109.001,NA,NA,NA,77.462,48,0,28,57,0,"parliamentary democracy","tropical"
"106","Gabon",20.026,10.63,93.564,2.756,50.537,3.969,6830,21.512,84.667,2.603,2119275,89.37,36.822,6,70,3.564,59,"relatively weak",44.386,8.225,138.281,NA,NA,32.7,66.187,173,18,72,156,1,"presidential republic","tropical"
"107","Gambia, The",59.783,38.73,75.706,0.254,21.854,5.219,710,41.511,NA,2.947,2280102,61.27,44.376,1.9,93,2.59,91,"relatively weak",33.983,225.307,139.529,625,48.269,39,61.735,6,10,35,NA,NA,"presidential republic","tropical"
"109","Georgia",34.451,41.368,45.185,2.416,50.559,2.06,4440,61.197,NA,-0.039,3726549,58.632,19.529,5.8,93,14.865,98,"relatively strong",22.196,65.275,136.381,7108,39.543,8.7,73.6,63,9,11,408,4,"presidential republic","other"
"110","Germany",47.679,22.688,7.857,8.889,47.416,1.56,47090,41.255,NA,0.301,82905782,77.312,13.451,10.4,93,21.462,97,"relatively weak",12.029,237.371,129.324,922648.643,3.223,3.1,80.993,36,5,24,145694,4879,"parliamentary republic","temperate"
"111","Ghana",68.999,43.94,65.784,0.531,35.264,3.87,2130,36.414,79.04,2.193,29767108,56.06,37.82,2.5,97,3.069,92,"relatively weak",34.714,130.821,137.517,14373,4.424,34.9,63.78,119,21,58,1042,9,"presidential republic","tropical"
"112","Gibraltar",NA,0,NA,15.657,NA,NA,NA,NA,NA,-0.03,33718,100,NA,NA,NA,NA,NA,NA,NA,3371.8,121.73,NA,NA,NA,NA,1,3,18,133,4,"parliamentary democracy","mediterranean"
"113","Greece",47.603,20.942,6.938,6.18,36.129,1.35,19770,36.39,97.936,-0.214,10731726,79.058,14.205,4.7,99,21.655,97,"weak",16.218,83.225,115.667,144040,26.377,3.6,81.288,72,10,80,2401,121,"parliamentary republic","temperate"
"114","Greenland",0.592,13.184,NA,8.989,40.83,2,NA,45.019,NA,-0.26,56025,86.816,NA,2.1,NA,NA,NA,NA,11.602,0.136,110.56,NA,NA,NA,NA,1,9,9,11,0,"parliamentary democracy","other"
"115","Grenada",23.529,63.728,28.194,2.222,54.211,2.063,9650,55.172,NA,0.522,111454,36.272,23.364,10.7,96,9.622,84,"relatively weak",22.723,327.806,NA,NA,84.338,13.7,72.384,3,3,29,14,0,"monarchy","tropical"
"116","Guam",33.333,5.22,30.607,NA,19.679,2.313,NA,53.682,NA,0.901,165768,94.78,24.833,18.7,NA,9.85,NA,NA,11.634,306.978,NA,NA,NA,NA,79.859,5,3,14,136,5,"other","tropical"
"117","Guatemala",35.984,48.946,69.756,1.151,18.121,2.87,4400,27.685,NA,1.949,17247807,51.054,35.051,10,86,4.812,87,"relatively strong",24.071,160.954,118.667,3205,11.131,22.1,74.063,120,15,41,316,8,"presidential republic","tropical"
"119","Guinea",59.01,63.86,133.365,0.22,37.604,4.7,850,53.025,NA,2.833,12414318,36.14,44.248,2.4,45,2.926,48,"relatively weak",26.062,50.522,96.767,NA,0.189,64.9,61.185,70,30,76,688,6,"presidential republic","other"
"120","Guinea-Bissau",57.966,56.64,103.225,0.16,25.336,4.476,750,32.455,NA,2.494,1874309,43.36,42.486,2.4,88,2.824,86,"relatively weak",29.775,66.654,78.989,NA,5.26,54,58.003,6,14,41,NA,NA,"presidential republic","tropical"
"121","Guyana",8.636,73.394,72.868,2.632,35.471,2.462,4770,47.123,NA,0.487,779004,26.606,28.575,11.6,95,6.45,98,"weak",22.376,3.957,NA,1931,1.753,25.1,69.774,30,11,33,67,7,"parliamentary republic","tropical"
"122","Haiti",66.763,44.722,50.954,0.271,17.076,2.935,800,58.473,NA,1.274,11123176,55.278,33.624,6.7,64,4.949,69,"weak",15.02,403.599,57.529,NA,34.863,49.5,63.66,93,4,30,58,4,"presidential republic","tropical"
"124","Heavily indebted poor countries (HIPC)",38.605,63.992,NA,0.268,26.901,NA,925.845,34.581,62.627,2.783,780234406,36.008,43.141,5.729,80.406,3.028,76.987,"relatively weak",40.685,44.896,73.143,396844.482,11.841,48.134,NA,4055,799,1662,NA,NA,NA,NA
"125","High income",35.115,18.665,NA,10.926,31.896,NA,44275.225,30.757,NA,0.488,1210312147,81.335,16.587,7.937,94.933,17.932,94.032,"relatively weak",14.683,34.438,127.816,22212869.998,6.821,4.3,NA,2893,561,2433,NA,NA,NA,NA
"127","Honduras",28.912,42.904,71.846,1.058,41.785,2.46,2350,60.356,87.205,1.667,9587522,57.096,32.345,7.3,90,4.691,89,"relatively strong",20.629,85.687,79.15,14832,10.228,15.1,75.088,134,8,45,510,46,"presidential republic","temperate"
"129","Hong Kong SAR, China",4.762,0,2.646,6.394,188.282,1.072,50300,188.221,NA,0.799,7451000,100,11.475,4.5,NA,16.875,NA,"relatively strong",NA,7096.19,269.975,245146,6.132,NA,84.934,10,4,15,NA,NA,NA,NA
"131","Hungary",58.356,28.649,24.276,4.266,84.939,1.54,14780,80.565,NA,-0.127,9775564,71.351,14.372,6.9,99,19.158,99,"relatively strong",15.926,107.907,103.445,183541,7.15,3.6,75.817,43,3,9,2168,225,"parliamentary republic","temperate"
"132","IBRD only",36.797,44.988,NA,4.518,26.89,NA,6192.347,26.473,89.05,0.87,NA,55.012,23.769,9.307,89.366,8.484,90.251,"relatively weak",52.045,68.786,109.081,14182345.529,6.023,18.92,NA,9131,1612,3271,NA,NA,NA,NA
"133","Iceland",18.673,6.187,5.907,6.06,47.218,1.71,67960,44.131,NA,2.678,352721,93.813,19.99,5.8,91,14.795,93,"relatively weak",6.481,3.527,126.137,54653.303,25.55,1.5,82.661,0,6,16,1778,10,"parliamentary republic","temperate"
"134","IDA & IBRD total",38.27,49.578,NA,3.539,26.503,NA,4958.312,26.565,84.194,1.223,NA,50.422,27.647,8.987,84.956,7.225,85.235,"relatively weak",51.168,68.708,102.725,15257060.485,6.22,31.242,NA,14462,2911,5873,NA,NA,NA,NA
"135","IDA blend",52.764,57.62,NA,0.866,16.405,NA,1799.014,22.258,67.046,2.264,555830605,42.38,38.923,10.527,70.571,3.499,73.447,"relatively weak",56.796,93.326,81.653,391166.076,7.041,59.494,NA,1469,249,641,NA,NA,NA,NA
"136","IDA only",39.15,65.684,NA,0.354,23.91,NA,1163.886,34.579,65.999,2.265,1084407516,34.316,39.192,6.458,81.73,3.588,79.189,"relatively weak",44.337,60.262,82.384,683548.88,12.476,44.604,NA,3862,1050,1961,NA,NA,NA,NA
"137","IDA total",42.536,62.948,NA,0.528,19.972,NA,1374.364,28.114,66.355,2.264,1640238121,37.052,39.101,7.838,77.913,3.557,77.225,"relatively weak",48.573,68.484,82.112,1074714.956,10.37,49.721,NA,5331,1299,2602,NA,NA,NA,NA
"138","India",60.447,65.97,12.071,1.728,19.738,2.222,2020,23.64,74.373,1.037,1352617328,34.03,27.479,10.4,89,6.18,90,"relatively strong",90.873,454.938,86.943,1200111.363,5.427,29.9,69.416,396,93,227,19984,640,"parliamentary republic","temperate"
"140","Indonesia",31.464,44.675,46.905,1.819,20.966,2.311,3840,22.056,95.659,1.134,267663435,55.325,26.915,6.3,79,5.857,75,"relatively weak",16.503,147.752,119.339,959307.381,7.474,21.1,71.509,458,191,166,7135,616,"presidential republic","tropical"
"141","International",NA,NA,NA,NA,NA,NA,NA,NA,NA,NA,NA,NA,NA,NA,NA,NA,NA,NA,NA,NA,NA,NA,NA,NA,NA,NA,NA,NA,NA,NA,NA,NA
"143","Iran, Islamic Rep.",28.214,25.102,40.693,8.384,NA,2.137,NA,NA,NA,1.386,81800269,74.898,24.248,9.6,99,6.185,99,"weak",38.979,50.222,108.462,228803.616,NA,12.4,76.479,7,18,47,NA,NA,NA,NA
"144","Iraq",21.422,29.527,71.742,4.895,43.969,3.672,5040,35.948,NA,2.318,38433600,70.473,38.774,8.8,84,3.324,83,"weak",61.636,88.531,95.04,21071,2.16,22.5,70.454,2,13,19,1602,83,"parliamentary republic","desert"
"145","Ireland",64.538,36.83,7.057,7.314,122.326,1.77,61390,89.185,NA,1.239,4867309,63.17,21.603,3.2,94,13.866,92,"relatively strong",8.209,70.453,103.171,935961,3.136,3.1,82.607,3,5,28,16040,730,"parliamentary republic","temperate"
"146","Isle of Man",69.825,47.412,NA,NA,NA,NA,NA,NA,NA,0.571,84077,52.588,NA,NA,NA,NA,NA,NA,NA,147.504,NA,NA,NA,NA,NA,0,0,2,307,10,"parliamentary democracy","temperate"
"147","Israel",24.584,7.582,9.192,7.863,29.446,3.09,40920,29.019,NA,1.927,8882800,92.418,27.945,9.7,98,11.977,98,"relatively weak",21.381,410.527,127.662,53901,7.422,3,82.802,23,15,50,13942,184,"parliamentary democracy","temperate"
"148","Italy",43.235,29.562,5.11,5.271,31.453,1.32,33730,28.954,99.156,-0.19,60421760,70.438,13.475,5,95,22.752,93,"weak",16.751,205.451,137.467,256596,7.867,2.6,82.946,102,8,52,183957,24648,"parliamentary republic","mediterranean"
"149","Jamaica",40.997,44.326,51.319,2.581,37.958,1.979,4970,51.069,NA,0.478,2934855,55.674,24.014,11.3,97,8.797,89,"relatively strong",13.404,270.993,101.027,1215.272,53.376,12.4,74.368,215,7,30,233,6,"monarchy","tropical"
"151","Japan",12.264,8.384,3.664,9.539,18.448,1.42,41310,18.193,NA,-0.203,126529100,91.616,12.814,5.6,99,27.576,97,"relatively weak",11.705,347.073,141.407,999594,4.872,1.8,84.211,50,29,77,11496,186,"monarchy","temperate"
"155","Jordan",12.007,9.021,25.841,2.965,35.639,2.761,4200,54.559,98.227,1.792,9956011,90.979,34.886,12.7,96,3.846,92,"weak",33.006,112.142,87.621,36127,41.326,13.9,74.405,8,13,20,425,7,"monarchy","arid"
"156","Kazakhstan",80.376,42.572,29.364,14.363,37.527,2.84,8070,25.291,99.782,1.293,18272430,57.428,27.915,6.1,98,7.392,99,"relatively weak",13.824,6.77,142.282,83287,3.952,8.8,73.15,14,16,14,2025,19,"presidential republic","arid"
"157","Kenya",48.547,72.97,74.044,0.306,13.176,3.492,1620,23.005,81.535,2.306,51393010,27.03,40.35,3.1,92,2.339,89,"strong",28.578,90.299,96.32,137602.178,NA,30.6,66.342,243,30,74,281,14,"presidential republic","arid"
"159","Kiribati",41.975,45.943,15.405,0.57,NA,3.569,3140,NA,NA,1.469,115847,54.057,35.146,22.5,95,3.953,84,"relatively weak",10.641,143.021,50.789,5005,NA,41.2,68.116,0,2,14,NA,NA,"presidential republic","tropical"
"160","Korea, Dem. Peopleâ€™s Rep.",21.842,38.101,0.286,1.617,NA,1.904,NA,NA,NA,0.47,25549819,61.899,20.453,6.4,97,9.335,98,NA,32.007,212.19,NA,460,NA,13.7,72.095,17,10,20,NA,NA,NA,NA
"162","Korea, Rep.",17.446,18.541,1.32,11.57,44.01,0.977,30600,38.994,NA,0.475,51606633,81.459,13.225,6.9,98,14.419,98,"relatively weak",25.039,529.652,129.673,526374,2.741,2.7,82.627,31,12,28,NA,NA,NA,NA
"164","Kosovo",NA,NA,NA,NA,26.432,2,4220,55.578,NA,0.794,1845300,NA,NA,NA,NA,NA,NA,"strong",NA,NA,NA,NA,NA,NA,72.195,NA,NA,NA,604,18,"parliamentary republic","other"
"165","Kuwait",8.418,0,7.886,25.849,56.721,2.082,34290,43.767,96.056,1.982,4137309,100,21.422,12.2,99,2.55,99,"weak",60.745,232.172,171.605,46450,1.079,6.7,75.398,0,7,18,2080,11,"monarchy","desert"
"166","Kyrgyz Republic",54.958,63.649,32.441,1.646,32.733,3.3,1220,68.389,99.586,1.99,6322800,36.351,32.181,6.1,94,4.495,96,"relatively strong",22.738,32.929,138.566,16344.372,18.73,16.9,71.4,13,5,3,NA,NA,NA,NA
"168","Lao PDR",10.264,64.996,64.939,0.294,NA,2.667,2450,NA,NA,1.548,7061507,35.004,32.883,6.4,68,4.075,69,"relatively weak",25.11,30.596,51.863,10172.843,12.178,37.6,67.61,56,45,55,NA,NA,NA,NA
"170","Late-demographic dividend",35.842,37.555,NA,6.753,30.942,NA,9259.093,27.517,96.151,0.542,NA,62.445,19.084,8.83,95.359,10.723,96.672,"relatively weak",40,51.409,122.195,10719225.899,4.987,8.962,NA,4688,800,1786,NA,NA,NA,NA
"171","Latin America & Caribbean",37.659,19.417,NA,3.102,22.999,NA,8718.565,23.844,93.867,0.942,641357515,80.583,24.912,9.695,84.964,8.438,88.988,"relatively weak",16.718,32.006,103.111,2818642.415,7.416,14,NA,5439,629,1716,NA,NA,NA,NA
"172","Latin America & Caribbean (excluding high income)",37.956,19.598,NA,2.963,22.149,NA,8324.91,23.278,93.312,0.955,609013934,80.402,25.129,9.729,84.643,8.243,88.783,"relatively weak",16.691,32.021,101.43,2449950.992,6.74,14.238,NA,4924,553,1150,NA,NA,NA,NA
"173","Latin America & the Caribbean (IDA & IBRD countries)",37.571,19.399,NA,3.071,22.545,NA,8630.393,23.64,93.755,0.986,625569713,80.601,25.116,9.672,84.797,8.256,88.874,"relatively weak",16.706,31.414,104.136,2751003.292,7.095,14.133,NA,5108,595,1333,NA,NA,NA,NA
"174","Latvia",31.055,31.858,15.801,3.498,61.304,1.69,16510,61.489,99.889,-0.779,1927174,68.142,15.576,5,96,20.044,98,"relatively strong",13.426,30.983,107.349,54356,5.014,3.3,74.678,0,1,6,748,9,"parliamentary republic","other"
"175","Least developed countries: UN classification",38.759,66.432,NA,0.319,NA,NA,1079.668,NA,64.817,2.362,1009662578,33.568,39.729,6.442,80.523,3.54,77.707,"relatively weak",45.269,56.841,76.546,594788.755,10.017,45.736,NA,3384,957,1634,NA,NA,NA,NA
"176","Lebanon",64.321,11.407,14.224,3.844,23.34,2.087,7920,39.609,95.069,0.542,6848925,88.593,26.588,11.2,83,7.002,82,"weak",30.621,669.494,64.498,25740,45.423,6.4,78.875,24,10,28,677,21,"parliamentary republic","mediterranean"
"177","Lesotho",77.635,71.847,92.578,1.208,43.83,3.141,1390,84.177,NA,0.796,2108132,28.153,32.981,4.5,93,4.901,90,"relatively weak",28.029,69.438,NA,NA,1.916,65.7,53.705,4,4,1,NA,NA,"monarchy","temperate"
"178","Liberia",28.032,48.849,135.566,0.214,26.011,4.315,610,94.332,NA,2.453,4818977,51.151,41.479,2.4,84,3.253,91,"strong",17.984,50.031,NA,NA,NA,53.5,63.73,53,24,64,101,8,"presidential republic","tropical"
"179","Libya",8.724,19.898,5.715,8.959,62.229,2.24,6400,40.121,NA,1.476,6678567,80.102,28.539,10.2,97,4.392,97,"weak",54.255,3.796,NA,7412.429,NA,10.2,72.724,7,10,32,51,1,"other","mediterranean"
"180","Liechtenstein",32.25,85.662,NA,1.182,NA,1.44,NA,NA,NA,0.291,37910,14.338,NA,9.4,NA,NA,NA,"weak",NA,236.938,124.695,NA,NA,NA,83.746,0,0,0,82,1,"monarchy","other"
"181","Lithuania",47.155,32.321,10.203,4.378,75.621,1.63,17430,73.679,NA,-0.954,2801543,67.679,14.727,3.8,92,19.705,92,"relatively weak",11.853,44.531,163.87,2375,3.225,3.3,76.29,1,2,6,1370,38,"presidential republic","other"
"182","Low & middle income",38.313,49.672,NA,3.494,25.579,NA,4843.825,25.75,84.023,1.227,NA,50.328,27.72,9.002,84.945,7.157,85.23,"relatively weak",51.37,69.242,102.259,14786705.184,6.067,31.309,NA,14217,2861,5607,NA,NA,NA,NA
"183","Low income",39.769,67.428,NA,0.308,NA,NA,840.563,NA,63.184,2.614,705417321,32.572,42.165,5.34,77.718,3.291,75.116,"relatively weak",43.217,51.674,66.016,348210.396,15.946,48.1,NA,3038,649,1172,NA,NA,NA,NA
"184","Lower middle income",45.847,59.492,NA,1.465,24.724,NA,2242.033,30.012,77.243,1.391,NA,40.508,30.473,9.5,82.27,5.529,83.48,"relatively weak",64.399,150.082,95.598,3791630.304,7.082,36.9,NA,3789,1120,2018,NA,NA,NA,NA
"185","Luxembourg",53.712,9.019,4.604,17.362,211.559,1.37,70870,175.544,NA,1.929,607950,90.981,16.065,5,99,14.183,99,"weak",10.365,250.094,132.165,51824,3.995,1.9,82.095,0,0,1,3618,78,"monarchy","other"
"186","Macao SAR, China",NA,0,2.304,2.175,82.79,1.217,79110,33.211,NA,1.443,631636,100,13.28,4.3,NA,10.484,NA,NA,NA,20777.5,345.325,24411,88.73,NA,84.118,0,0,9,NA,NA,NA,NA
"188","Madagascar",71.184,62.809,107.737,0.13,28.682,4.077,510,33.82,74.804,2.67,26262368,37.191,40.972,4.5,75,2.987,62,"weak",22.542,45.14,40.57,10170,20.224,38.2,66.681,1111,121,111,121,0,"presidential republic","temperate"
"189","Malawi",61.413,83.063,132.095,0.078,NA,4.209,360,NA,NA,2.642,18143315,16.937,44.297,4.5,92,2.645,87,"strong",23.566,192.441,39.006,2327,3.845,35.3,63.798,34,10,36,18,2,"presidential republic","tropical"
"190","Malaysia",26.258,23.964,13.467,8.13,68.757,2.001,10590,61.745,94.854,1.353,31528585,76.036,24.344,16.7,99,6.672,96,"relatively strong",16.036,95.963,134.526,476733,8.834,6.7,75.997,727,71,87,5482,92,"monarchy","tropical"
"191","Maldives",26.333,60.192,7.414,3.068,69.087,1.87,9280,77.184,NA,3.813,515696,39.808,20.395,9.2,99,3.703,99,"weak",7.796,1718.987,166.364,26789,82.694,7.4,78.627,0,2,24,86,0,"presidential republic","tropical"
"192","Mali",33.766,57.644,166.867,0.083,23.601,5.877,840,34.053,35.474,3.008,19077690,42.356,47.723,2.4,71,2.507,70,"relatively weak",38.527,15.635,115.085,NA,NA,62,58.893,12,14,2,258,14,"presidential republic","arid"
"193","Malta",32.438,5.388,12.497,5.401,144.866,1.26,26480,123.983,94.503,3.492,484630,94.612,14.23,8.3,97,20.349,96,"weak",13.91,1511.031,140.204,20903,8.763,6.1,82.346,4,2,22,443,3,"parliamentary republic","mediterranean"
"194","Marshall Islands",63.889,22.969,NA,1.796,40.447,NA,4860,85.281,NA,0.61,58413,77.031,NA,30.5,81,NA,83,"strong",10.241,324.517,NA,2244,15.593,27.4,NA,0,1,18,NA,NA,"other","tropical"
"195","Mauritania",38.528,46.328,69.628,0.689,45.094,4.561,1160,76.22,NA,2.78,4403319,53.672,40.263,7.1,81,3.141,78,"weak",47.423,4.272,103.706,5636.839,0.291,51.5,64.704,0,18,45,7,1,"presidential republic","desert"
"196","Mauritius",42.365,59.207,25.279,3.353,40.665,1.41,12050,54.189,91.325,0.055,1265303,40.793,18.357,22,97,11.474,99,"relatively weak",14.458,623.302,151.359,14940,38.881,13.6,74.416,91,7,21,328,9,"parliamentary republic","tropical"
"197","Mexico",54.65,19.844,59.454,3.99,39.289,2.129,9180,41.159,95.38,1.126,126190788,80.156,26.939,13.5,88,7.224,97,"strong",20.921,64.915,95.232,590727,4.961,11,74.992,484,96,181,9501,857,"presidential republic","tropical"
"198","Micronesia, Fed. Sts.",31.429,77.297,13.227,1.399,35.475,3.053,3400,65.377,NA,1.054,112640,22.703,31.979,11.9,75,3.997,73,"strong",11.283,160.914,NA,NA,NA,25.6,67.755,5,5,25,NA,NA,NA,NA
"200","Middle East & North Africa",33.302,34.628,NA,6.205,46.849,NA,7693.202,39.393,78.963,1.735,448912859,65.372,29.912,11.374,90.134,5.182,89.146,"weak",55.669,39.998,105.948,1788051.545,9.626,18.3,NA,374,228,672,NA,NA,NA,NA
"201","Middle East & North Africa (excluding high income)",22.862,38.409,NA,3.965,NA,NA,NA,NA,75.96,1.686,382896715,61.591,31.122,10.791,89.277,5.375,88.028,"weak",53.858,44.311,99.862,625199.798,17.144,19.786,NA,337,168,454,NA,NA,NA,NA
"202","Middle East & North Africa (IDA & IBRD countries)",22.844,38.585,NA,4.005,NA,NA,NA,NA,75.722,1.676,378327628,61.415,31.025,10.805,89.277,5.403,88.028,"weak",54.105,43.813,99.991,625199.798,17.249,19.826,NA,331,164,452,NA,NA,NA,NA
"203","Middle income",38.06,47.466,NA,3.867,25.604,NA,5342.851,25.616,86.148,1.058,NA,52.534,25.952,9.365,86.56,7.637,87.49,"relatively weak",52.362,72.295,105.612,14438494.789,5.975,27.355,NA,11179,2212,4435,NA,NA,NA,NA
"205","Moldova",74.217,57.371,22.18,1.387,29.288,1.262,2980,54.998,NA,NA,2706049,42.629,15.816,5.7,93,11.47,93,"relatively strong",16.251,123.52,88.014,13590,14.486,13.6,71.808,2,4,8,2614,73,"parliamentary republic","other"
"206","Monaco",NA,0,NA,NA,NA,NA,NA,NA,NA,0.753,38682,100,NA,2.9,99,NA,87,NA,NA,NA,84.507,3,NA,2.6,NA,1,3,15,98,3,"monarchy","mediterranean"
"207","Mongolia",71.489,31.555,31.438,7.088,58.66,2.895,3660,64.233,98.423,1.796,3170208,68.445,29.95,4.7,99,4.084,99,"relatively strong",40.113,2.041,133.178,7777,6.819,14,69.689,0,11,2,35,0,"presidential republic","desert"
"208","Montenegro",18.959,33.187,8.781,3.556,42.875,1.745,8430,66.734,98.847,-0.023,622227,66.813,18.25,9,87,14.975,58,"strong",20.782,46.271,180.694,6887,52.168,2.3,76.77,3,6,32,313,5,"parliamentary republic","mediterranean"
"210","Morocco",68.545,37.547,30.681,1.751,38.735,2.415,3090,49.255,73.75,1.251,36029138,62.453,27.453,7,99,7.013,99,"weak",32.594,80.729,124.172,80154,22.08,19.2,76.453,52,18,54,3209,145,"monarchy","mediterranean"
"211","Mozambique",63.519,64.012,146.251,0.321,47.761,4.852,460,84.224,NA,2.913,29495962,35.988,44.959,3.3,80,2.891,85,"weak",21.299,37.509,47.716,10479,5.54,54,60.163,145,17,72,39,0,"presidential republic","tropical"
"212","Myanmar",19.538,69.421,28.207,0.414,NA,2.154,1310,NA,NA,0.608,53708395,30.579,26.847,3.9,91,5.785,93,"weak",35.557,82.239,113.844,64397.964,10.593,36.8,66.867,61,49,53,121,5,NA,NA
"213","Namibia",47.139,49.968,61.632,1.652,38.732,3.396,5220,44.919,91.527,1.882,2448255,50.032,36.883,4.5,89,3.636,82,"relatively weak",25.359,2.974,112.702,14543,9.83,29,63.373,27,15,33,16,0,"presidential republic","desert"
"214","Nauru",20,0,NA,4.022,NA,NA,12060,NA,NA,-1.345,12704,100,NA,12,90,NA,99,NA,NA,635.2,NA,842,5.145,26.4,NA,0,2,11,NA,NA,"parliamentary republic","tropical"
"216","Nepal",28.748,80.26,64.399,0.298,8.934,1.917,970,46.297,67.908,1.654,28087871,19.74,31.337,7.2,91,5.728,91,"strong",99.734,195.939,139.446,71908,27.783,26.7,70.478,18,29,7,42,0,"parliamentary republic","tropical"
"217","Netherlands",53.31,8.51,3.703,9.92,84.322,1.62,51260,73.331,NA,0.584,17231624,91.49,16.353,5.4,93,19.196,93,"weak",12.034,511.458,123.731,325942.296,3.353,3.3,81.761,1,3,15,34134,3916,"monarchy","temperate"
"218","New Caledonia",10.079,29.317,14.455,16.006,NA,1.97,NA,NA,NA,1.315,284060,70.683,23.046,21.8,NA,9.174,NA,NA,NA,15.539,NA,NA,NA,NA,77.149,350,9,37,18,0,"parliamentary democracy","tropical"
"219","New Zealand",40.45,13.462,18.605,7.687,28.126,1.71,40640,28.274,NA,0.978,4841000,86.538,19.716,6.2,93,15.652,92,"strong",5.956,18.554,134.932,187851,19.084,4.7,81.859,21,9,38,1113,14,"monarchy","temperate"
"220","Nicaragua",42.089,41.478,83.305,0.792,41.981,2.404,2030,51.275,NA,1.255,6465513,58.522,30.548,11.4,98,5.247,99,"weak",17.614,53.727,115.096,NA,9.87,15.7,74.275,50,7,40,13,2,"presidential republic","tropical"
"221","Niger",36.064,83.575,183.513,0.111,15.74,6.913,390,33.037,NA,3.817,22442948,16.425,50.093,2.4,79,2.595,77,"relatively weak",94.054,17.718,NA,NA,NA,48,62.024,4,13,4,655,20,"presidential republic","desert"
"222","Nigeria",77.736,49.656,105.447,0.546,15.494,5.387,1960,17.507,62.016,2.587,195874740,50.344,44.013,3.1,57,2.747,65,"relatively strong",71.798,215.065,88.184,77482.727,2.911,75.7,54.332,205,31,74,782,25,"presidential republic","other"
"225","North America",25.686,17.827,NA,16.367,14.026,NA,61242.438,17.028,NA,0.702,364290258,82.173,18.557,10.464,93.725,15.953,91.817,"strong",7.311,19.971,124.999,11354692.586,9.145,5.5,NA,536,62,322,NA,NA,NA,NA
"226","North Macedonia",50.159,42.037,15.162,3.614,60.341,1.496,5450,72.895,NA,0.046,2082958,57.963,16.661,9.3,91,13.67,83,"relatively strong",29.727,82.592,94.534,NA,5.091,8.7,75.688,4,6,13,NA,NA,"parliamentary republic","other"
"227","Northern Mariana Islands",6.522,8.382,NA,NA,53.817,NA,NA,54.875,NA,0.564,56882,91.618,NA,NA,NA,NA,NA,NA,9.893,123.657,NA,NA,NA,NA,NA,6,3,14,14,2,"other","tropical"
"228","Norway",2.694,17.752,5.105,9.271,38.442,1.62,80610,32.633,NA,0.66,5311916,82.248,17.67,5.3,96,17.049,96,"relatively weak",6.957,14.555,107.174,NA,4.266,2.1,82.812,10,8,23,7166,163,"monarchy","temperate"
"229","Not classified",NA,NA,NA,NA,NA,NA,NA,NA,NA,NA,NA,NA,NA,NA,NA,NA,NA,NA,NA,NA,NA,NA,NA,NA,NA,NA,NA,NA,NA,NA,NA,NA
"230","OECD members",34.312,19.407,NA,9.551,29.317,NA,40095.157,28.946,NA,0.563,1303529456,80.593,17.929,8.353,94.096,17.119,94.368,"relatively weak",14.456,37.809,121.151,21692568.373,6.759,5.494,NA,2234,446,1588,NA,NA,NA,NA
"231","Oman",4.64,15.461,12.696,15.189,58.259,2.888,15140,44.524,95.652,3.445,4829483,84.539,22.041,10.1,99,2.393,99,"weak",41.115,15.604,133.366,76672,6.441,9.8,77.633,6,10,36,1508,8,"monarchy","desert"
"232","Other small states",40.471,37.882,NA,7.628,59.4,NA,13323.082,49.66,84.529,2.024,30758989,62.118,30.091,8.245,86.018,5.492,83.256,"relatively weak",34.754,15.139,122.035,NA,15.969,36.392,NA,795,234,556,NA,NA,NA,NA
"233","Pacific island small states",13.438,61.219,NA,1.066,NA,NA,4150.69,NA,NA,1.457,2457367,38.781,35.115,15.326,84.277,4.537,83.362,"relatively strong",11.268,38.277,NA,65161,46.18,20.395,NA,121,54,196,NA,NA,NA,NA
"235","Pakistan",47.795,63.334,38.211,0.851,8.793,3.51,1590,19.749,NA,2.056,212215030,36.666,35.479,19.9,75,4.313,76,"weak",58.282,275.289,72.557,48542,2.715,57.2,67.114,12,25,46,9749,209,"parliamentary republic","desert"
"236","Palau",10.87,20.07,NA,14.771,46.995,NA,17280,76.303,NA,0.554,17907,79.93,NA,17.9,95,NA,90,"strong",NA,38.928,NA,NA,NA,16.6,NA,5,4,21,NA,NA,"presidential republic","tropical"
"238","Panama",30.361,32.291,81.039,2.256,NA,2.461,14370,NA,95.412,1.693,4176873,67.709,27.339,7.7,88,8.105,98,"relatively strong",11.4,56.186,137.001,119148,20.784,13.1,78.329,212,17,57,4821,141,"presidential republic","tropical"
"239","Papua New Guinea",2.628,86.831,51.982,0.795,NA,3.564,2570,NA,NA,1.975,8606316,13.169,36.138,17.9,61,3.445,61,"relatively strong",12.294,19.004,NA,41545.171,NA,38,64.263,179,41,61,7,0,"monarchy","tropical"
"241","Paraguay",55.084,38.415,70.182,0.864,36.009,2.429,5670,34.406,94.021,1.288,6956071,61.585,29.704,9.6,88,6.43,93,"weak",11.909,17.508,106.953,4215,2.72,17.2,74.131,20,10,0,213,9,"presidential republic","temperate"
"242","Peru",18.505,22.093,55.952,2.052,25.377,2.254,6470,23.537,94.408,1.718,31989256,77.907,26.362,6.6,84,8.088,85,"relatively strong",24.787,24.992,NA,141025.363,8.721,11.1,76.516,328,53,52,17837,484,"presidential republic","tropical"
"243","Philippines",41.721,53.093,54.759,1.051,31.684,2.576,3830,44.375,NA,1.396,106651922,46.907,31.468,7.1,65,5.123,67,"weak",18.07,357.688,126.199,292450,10.764,22.5,71.095,254,38,91,6599,437,"presidential republic","tropical"
"245","Poland",46.945,39.942,10.169,7.517,55.59,1.48,14100,52.154,NA,0,37974750,60.058,14.879,6.1,95,17.518,93,"relatively strong",20.878,124.036,134.748,123903,4.841,3.8,77.754,11,4,8,9856,401,"parliamentary republic","temperate"
"246","Portugal",39.453,34.789,8.001,4.332,43.522,1.38,21990,43.435,96.138,-0.16,10283822,65.211,13.667,9.8,99,21.954,99,"weak",8.161,112.239,115.633,182753,22.711,3.1,81.724,101,13,67,21379,762,"presidential republic","temperate"
"247","Post-demographic dividend",33.732,18.719,NA,10.36,30.02,NA,44833.267,29.627,NA,0.358,1109997273,81.281,16.147,7.582,93.04,18.955,93.553,"relatively weak",11.594,35.267,125.818,19638890.158,6.977,4.092,NA,1807,347,1458,NA,NA,NA,NA
"248","Pre-demographic dividend",41.325,58.773,NA,0.542,26.057,NA,1373.102,27.982,62.644,2.792,919485393,41.227,44.003,5.371,74.961,2.754,74.617,"relatively weak",48.638,51.687,74.482,449389.608,4.398,54.989,NA,3970,799,1679,NA,NA,NA,NA
"249","Puerto Rico",22.289,6.422,28.307,NA,59.896,1.035,21100,45.943,NA,-3.984,3195153,93.578,17.428,13.7,NA,18.675,NA,"strong",8.349,360.22,109.563,NA,NA,NA,79.778,64,2,32,1252,63,"other","tropical"
"250","Qatar",5.771,0.865,9.59,43.857,53.595,1.866,61150,34.391,NA,2.069,2781677,99.135,13.511,15.6,98,1.37,99,"weak",91.187,239.593,141.856,197811,14.858,5.8,80.1,0,4,17,6533,9,"monarchy","arid"
"251","Romania",58.767,46.002,35.535,3.516,41.642,1.71,11290,44.853,98.844,-0.621,19466145,53.998,15.449,6.9,86,18.339,90,"relatively strong",14.611,84.64,116.246,55637,3.244,6.1,75.41,7,9,22,9242,483,"presidential republic","temperate"
"253","Russian Federation",13.294,25.567,19.62,11.858,30.741,1.57,10230,20.769,99.73,-0.013,144478050,74.433,17.634,6.1,97,14.675,98,"relatively strong",16.16,8.822,157.431,885094,3.677,6.1,72.657,56,34,39,NA,NA,NA,NA
"254","Rwanda",73.437,82.789,38.852,0.076,17.371,4.044,780,34.134,73.216,2.644,12301939,17.211,40.136,5.1,97,2.938,99,"strong",43.21,498.66,78.854,18439,25.893,27,68.7,41,24,7,150,0,"presidential republic","temperate"
"262","Samoa",12.367,81.757,23.295,1.03,32.575,3.877,4020,47.812,99.096,0.397,196130,18.243,38.541,9.2,34,4.8,31,"relatively strong",11.548,69.304,NA,6848,62.574,13.6,73.187,2,2,16,NA,NA,"parliamentary republic","tropical"
"263","San Marino",16.667,2.774,NA,NA,NA,NA,NA,NA,99.916,0.338,33785,97.226,NA,5.9,90,NA,89,"weak",NA,563.083,NA,NA,NA,1.7,NA,0,0,0,476,40,"parliamentary republic","mediterranean"
"264","Sao Tome and Principe",50.729,27.197,93.338,0.581,NA,4.321,1890,NA,92.817,1.884,211028,72.803,42.855,2.4,95,2.926,95,"weak",28.54,219.821,77.056,NA,73.194,24.4,70.17,49,4,25,4,0,"presidential republic","tropical"
"265","Saudi Arabia",80.765,16.156,7.097,19.441,39.902,2.319,21600,26.664,NA,1.799,33699947,83.844,25.259,15.8,96,3.314,98,"weak",87.945,15.677,122.573,254063.747,5.405,6,74.998,4,11,41,11631,109,"monarchy","desert"
"266","Senegal",46.06,52.808,70.716,0.625,21.85,4.625,1410,36.085,NA,2.782,15854360,47.192,43.236,2.4,81,3.087,82,"relatively weak",40.696,82.347,104.451,1087,NA,31.8,67.665,14,19,58,412,5,"presidential republic","tropical"
"267","Serbia",39.332,43.908,14.144,5.283,50.776,1.49,6390,59.293,NA,-0.546,6982604,56.092,15.826,9,96,18.346,92,"relatively weak",24.726,79.832,95.781,28160,7.668,4.8,75.539,6,6,15,6890,125,"parliamentary republic","other"
"268","Seychelles",3.37,43.309,61.224,5.419,87.034,2.41,15600,102.083,95.868,0.954,96762,56.691,23.479,12.3,99,7.595,96,"weak",20.179,210.352,184.298,18671,35.421,12.4,72.841,61,6,24,11,0,"presidential republic","tropical"
"269","Sierra Leone",54.71,57.945,110.228,0.187,17.467,4.263,490,39.229,43.206,2.137,7650154,42.055,41.357,2.4,90,2.967,80,"relatively weak",21.626,105.987,NA,NA,5.163,78.5,54.309,72,22,57,50,0,"presidential republic","tropical"
"270","Singapore",0.931,0,3.513,10.306,176.379,1.14,58770,149.816,97.345,0.47,5638676,100,12.212,5.5,96,11.463,95,"relatively strong",19.078,7952.998,148.822,208787,3.179,2.3,83.146,62,14,29,9125,11,"parliamentary republic","tropical"
"272","Sint Maarten (Dutch part)",NA,0,NA,19.461,NA,NA,NA,NA,NA,0.197,40654,100,NA,6.8,NA,NA,NA,NA,NA,NA,NA,NA,58.871,NA,NA,3,2,31,NA,NA,NA,NA
"273","Slovak Republic",39.226,46.274,25.935,5.662,96.09,1.52,18260,94.065,NA,0.139,5446771,53.726,15.338,6.5,96,15.629,96,"relatively strong",17.563,113.291,132.802,NA,3.272,4.6,77.166,25,4,5,NA,NA,NA,NA
"275","Slovenia",30.656,45.459,3.652,6.214,85.379,1.62,24580,77.098,NA,0.363,2073894,54.541,14.902,5.9,93,19.607,93,"weak",16.024,102.64,118.674,18444,7.322,1.7,81.029,7,6,33,1340,77,"parliamentary republic","mediterranean"
"276","Small states",34.24,41.276,NA,7.463,57.422,NA,12025.1,49.536,86.202,1.729,40575321,58.724,29.276,9.272,87.276,6.03,84.397,"relatively weak",30.472,16.224,118.775,773348.909,18.582,32.487,NA,1328,349,1181,NA,NA,NA,NA
"277","Solomon Islands",3.859,76.251,78.412,0.344,NA,4.403,2020,NA,NA,2.61,652858,23.749,40.354,19,85,3.599,93,"strong",11.879,23.325,73.834,14365,13.568,17.1,72.835,16,19,24,NA,NA,"monarchy","tropical"
"278","Somalia",70.337,55.029,97.645,0.045,25.928,6.072,NA,99.6,NA,2.832,15008154,44.971,46.753,5.1,42,2.873,46,"weak",32.035,23.923,50.992,98,NA,76.6,57.068,49,16,31,286,8,"parliamentary republic","desert"
"279","South Africa",79.83,33.645,67.849,8.979,29.907,2.405,5750,29.563,NA,1.358,57779622,66.355,29.15,12.7,74,5.318,70,"relatively weak",25.102,47.63,159.931,180317.186,8.894,28.5,63.857,153,30,121,3465,58,"parliamentary republic","arid"
"280","South Asia",56.806,66.008,NA,1.457,18.441,NA,1923.199,23.671,72.252,1.202,1814388744,33.992,28.821,11.238,86.831,5.841,87.534,"relatively weak",82.87,380.247,87.363,1512779.275,6.23,34.5,NA,794,252,397,NA,NA,NA,NA
"281","South Asia (IDA & IBRD)",56.806,66.008,NA,1.457,18.441,NA,1923.199,23.671,72.252,1.202,1814388744,33.992,28.821,11.238,86.831,5.841,87.534,"relatively weak",82.87,380.247,87.363,1512779.275,6.23,34.484,NA,794,252,397,NA,NA,NA,NA
"283","South Sudan",NA,80.385,59.433,0.142,NA,4.696,NA,NA,34.523,0.595,10975920,19.615,42.057,10.2,49,3.398,51,"weak",45.578,NA,33.463,NA,0.388,63.7,57.604,17,14,0,4,0,"presidential republic","other"
"285","Spain",52.577,19.679,7.49,5.034,35.117,1.31,29340,32.403,98.436,0.435,46796540,80.321,14.703,6.9,93,19.379,97,"relatively weak",9.698,93.529,115.994,641020,16.303,2.5,83.334,247,17,83,204178,21282,"monarchy","temperate"
"287","Sri Lanka",43.693,81.524,20.69,0.885,22.785,2.199,4060,30.134,91.71,1.048,21670000,18.476,24.407,10.7,99,10.473,99,"weak",11.1,345.559,142.651,34425,27.675,6.4,76.812,297,30,57,310,7,"presidential republic","tropical"
"288","St. Kitts and Nevis",23.077,69.224,NA,4.55,59.874,NA,18340,58.754,NA,0.758,52441,30.776,NA,13.3,97,NA,96,"relatively weak",NA,201.696,NA,NA,60.639,9.8,NA,2,2,30,NA,NA,NA,NA
"289","St. Lucia",17.377,81.322,39.879,2.283,NA,1.436,9560,NA,NA,0.515,181889,18.678,18.909,11.6,95,9.807,86,"relatively weak",22.401,298.179,101.68,NA,81.271,14.9,76.057,7,2,30,NA,NA,NA,NA
"290","St. Martin (French part)",NA,NA,NA,NA,NA,1.81,NA,NA,NA,1.907,37264,NA,NA,NA,NA,NA,NA,NA,NA,NA,NA,NA,NA,NA,79.871,3,2,31,NA,NA,NA,NA
"291","St. Vincent and the Grenadines",25.641,47.802,48.19,1.92,NA,1.891,7340,NA,NA,0.348,110210,52.198,22.942,11.6,97,9.59,99,"relatively weak",22.201,282.59,96.066,NA,76.27,14.8,72.415,6,2,29,NA,NA,NA,NA
"292","Sub-Saharan Africa",43.686,59.823,NA,0.849,25.371,NA,1517.054,28.267,65.577,2.681,1078306520,40.177,42.769,5.359,75.688,2.988,74.164,"relatively weak",44.602,50.762,82.396,787903.348,8.404,52.7,NA,4862,967,2064,NA,NA,NA,NA
"293","Sub-Saharan Africa (excluding high income)",43.687,59.825,NA,0.849,25.314,NA,1515.788,28.199,65.573,2.681,1078209758,40.175,42.771,5.359,75.687,2.987,74.163,"relatively weak",44.604,50.759,82.385,769232.348,8.27,52.737,NA,4801,961,2040,NA,NA,NA,NA
"294","Sub-Saharan Africa (IDA & IBRD countries)",43.686,59.823,NA,0.849,25.371,NA,1517.054,28.267,65.577,2.681,1078306520,40.177,42.769,5.359,75.688,2.988,74.164,"relatively weak",44.602,50.762,82.396,787903.348,8.404,52.735,NA,4862,967,2064,NA,NA,NA,NA
"295","Sudan",NA,65.358,60.796,0.3,10.249,4.407,1560,12.346,60.697,2.392,41801533,34.642,40.855,22.1,93,3.581,88,"relatively weak",55.371,NA,72.008,3170,20.878,42.1,65.095,17,16,32,107,12,"presidential republic","other"
"296","Suriname",0.558,33.94,60.64,3.599,NA,2.418,5210,NA,94.383,0.959,575991,66.06,27.433,12.5,95,6.906,98,"weak",24.78,3.692,130.605,3225,3.208,16.9,71.57,27,9,32,10,1,"presidential republic","tropical"
"298","Sweden",7.443,12.569,5.123,4.478,45.788,1.78,55490,43.287,NA,1.162,10175214,87.431,17.495,4.8,97,20.096,97,"relatively strong",6.185,25.001,126.831,NA,5.908,2.2,82.512,5,1,15,15322,1765,"monarchy","temperate"
"299","Switzerland",38.363,26.203,2.644,4.312,66.129,1.52,84410,53.903,NA,0.724,8513227,73.797,14.872,5.7,96,18.623,96,"relatively weak",10.303,215.521,126.773,219782,4.385,3.7,83.551,4,3,9,27981,1186,"other","temperate"
"301","Syrian Arab Republic",75.81,45.838,37.951,1.641,NA,2.808,NA,NA,NA,-0.952,16906283,54.162,31.83,13.5,47,4.503,63,"weak",43.757,92.067,101.09,167.754,NA,14,71.779,26,14,51,NA,NA,NA,NA
"303","Tajikistan",34.138,72.866,57.471,0.629,NA,3.585,1010,NA,NA,2.453,9100837,27.134,36.452,6.1,96,3.022,98,"weak",46.152,65.573,NA,4021,15.31,30.4,70.879,12,7,5,NA,NA,"presidential republic","other"
"304","Tanzania",44.762,66.224,116.926,0.231,NA,4.892,1020,NA,NA,2.982,56318348,33.776,44.316,5.7,98,2.601,99,"relatively weak",29.077,63.579,77.241,51577,29.365,37.6,65.015,644,41,179,254,8,"presidential republic","temperate"
"305","Thailand",43.277,50.051,44.689,4.62,66.819,1.525,6610,56.488,93.768,0.315,69428524,49.949,17.354,7,97,11.901,96,"relatively strong",26.257,135.897,180.183,475886.496,19.625,7.8,76.931,159,59,106,2811,48,"monarchy","tropical"
"306","Timor-Leste",25.555,69.422,32.364,0.4,NA,4.023,1820,NA,68.067,1.968,1267972,30.578,38.302,6.7,83,4.316,77,"weak",19.257,85.27,115.814,NA,64.002,39.3,69.26,2,5,13,NA,NA,"presidential republic","tropical"
"307","Togo",70.233,58.298,88.688,0.367,31.317,4.32,660,42.289,NA,2.446,7889094,41.702,41.638,2.4,88,2.869,85,"relatively weak",35.731,145.047,77.886,11559,NA,47.4,60.76,13,13,38,86,6,"presidential republic","tropical"
"309","Tonga",45.833,76.869,14.33,1.198,22.298,3.556,4300,75.922,99.414,1.169,103197,23.131,35.783,15.7,81,5.954,85,"strong",10.785,143.329,104.594,NA,45.889,13.4,70.801,5,2,16,NA,NA,"monarchy","tropical"
"310","Trinidad and Tobago",10.526,46.816,29.334,33.966,NA,1.725,15950,NA,NA,0.417,1389858,53.184,20.539,11,99,10.735,90,"relatively strong",24.109,270.927,141.929,32770,4.865,16.4,73.38,50,2,37,115,8,"parliamentary republic","tropical"
"311","Tunisia",64.837,31.055,7.85,2.606,48.917,2.197,3500,62.04,NA,1.146,11565204,68.945,24.112,8.5,97,8.316,96,"weak",37.656,74.441,127.707,41446,11.948,14.6,76.505,9,14,39,901,38,"parliamentary republic","temperate"
"312","Turkey",49.799,24.857,25.556,4.48,29.53,2.069,10420,30.627,NA,1.49,82319724,75.143,25.003,11.1,98,8.483,96,"relatively strong",44.312,106.96,97.301,772925.545,16.621,9.1,77.437,113,19,131,95591,2259,"presidential republic","temperate"
"313","Turkmenistan",72.006,48.407,24.232,12.517,22.666,2.786,6740,12.497,NA,1.606,5850908,51.593,30.91,6.1,99,4.427,99,NA,21.768,12.451,NA,18184,NA,39.3,68.073,4,10,13,NA,NA,"presidential republic","tropical"
"314","Turks and Caicos Islands",1.053,6.902,NA,5.806,NA,NA,26740,NA,NA,1.471,37665,93.098,NA,NA,NA,NA,NA,NA,NA,39.647,NA,NA,NA,NA,NA,9,2,30,11,1,"parliamentary democracy","tropical"
"315","Tuvalu",60,37.613,NA,1.003,NA,NA,5430,NA,NA,1.206,11508,62.387,NA,22.1,89,NA,88,NA,NA,383.6,NA,NA,NA,20.6,NA,0,2,13,NA,NA,"monarchy","tropical"
"316","Uganda",71.888,76.226,116.071,0.142,19.509,4.955,620,28.69,76.528,3.721,42723139,23.774,47.32,2.5,93,1.941,86,"relatively weak",50.494,213.062,57.273,4832,18.619,33.8,62.973,64,31,60,58,0,"presidential republic","tropical"
"317","Ukraine",71.665,30.648,23.003,5.021,45.21,1.301,2660,53.809,NA,-0.466,44622516,69.352,15.629,6.1,50,16.435,91,"relatively strong",20.31,77.03,127.754,66712,3.837,7.5,71.583,22,11,24,6592,174,"presidential republic","temperate"
"318","United Arab Emirates",5.475,13.478,5.887,22.94,93.861,1.413,40880,67.978,NA,1.504,9630959,86.522,14.504,16.3,99,1.085,99,"relatively weak",40.918,135.609,208.505,455957,NA,6.5,77.814,0,8,20,7755,46,"other","desert"
"319","United Kingdom",71.715,16.602,12.641,6.497,30.007,1.74,41770,31.77,NA,0.606,66460344,83.398,17.635,3.9,94,18.396,92,"relatively strong",10.473,274.827,118.365,1242985,5.662,3.6,81.356,42,5,48,129044,17337,"monarchy","temperate"
"320","United States",44.369,17.744,18.556,16.503,12.219,1.73,63080,15.325,NA,0.522,326687501,82.256,18.859,10.8,94,15.808,92,"strong",7.409,35.766,129.014,9879630,10.24,5.6,78.539,510,40,251,825041,45063,"other","temperate"
"322","Upper middle income",35.375,33.767,NA,6.528,25.851,NA,8869.406,24.381,95.184,0.68,NA,66.233,20.838,9.227,93.667,10.038,94.134,"relatively weak",38.748,45.469,117.011,10646864.484,5.66,10.8,NA,7390,1092,2417,NA,NA,NA,NA
"323","Uruguay",82.56,4.666,58.239,1.984,21.004,1.973,15650,18.988,98.704,0.368,3449299,95.334,20.777,7.3,91,14.815,97,"relatively weak",9.275,19.708,149.904,NA,14.874,6.4,77.77,22,10,45,613,12,"presidential republic","temperate"
"324","Uzbekistan",62.929,49.522,24.209,3.421,29.109,2.419,2020,38.737,99.993,1.735,32955400,50.478,28.518,6.5,98,4.419,96,"relatively weak",28.456,77.469,71.517,21514,9.296,19.1,71.573,16,10,7,1692,6,"presidential republic","desert"
"325","Vanuatu",15.34,74.726,48.908,0.584,NA,3.782,3130,NA,87.506,2.48,292680,25.274,38.862,11.9,85,3.64,75,"strong",11.653,24.01,85.905,11723,62.844,22.3,70.323,10,8,18,NA,NA,"parliamentary republic","tropical"
"327","Venezuela, RB",24.488,11.792,84.979,6.165,NA,2.272,NA,NA,NA,-1.786,28870195,88.208,27.971,7,60,7.267,74,"weak",17.009,32.731,71.766,24986,NA,21.4,72.128,86,35,45,NA,NA,NA,NA
"328","Vietnam",39.275,64.081,29.152,1.82,105.832,2.049,2360,102.475,95,0.993,95540395,35.919,23.098,6,75,7.275,97,"relatively strong",29.627,308.125,147.195,283787,3.9,16.5,75.317,231,56,83,276,0,"other","tropical"
"330","Virgin Islands (U.S.)",11.429,4.279,27.648,NA,NA,2.06,NA,NA,NA,-0.272,106977,95.721,19.917,12.3,NA,19.288,NA,NA,10.265,305.649,NA,NA,NA,NA,79.568,17,1,29,NA,NA,NA,NA
"334","West Bank and Gaza",49.322,23.836,51.883,NA,19.865,3.643,3710,59.736,97.219,2.533,4569087,76.164,39.263,9.5,NA,3.133,NA,"relatively strong",33.226,758.985,89.976,NA,8.438,17.3,73.895,6,4,2,NA,NA,NA,NA
"336","World",37.431,44.729,NA,4.981,30.105,NA,11123.773,29.338,86.301,1.109,NA,55.271,25.935,8.812,85.87,8.873,86.045,"relatively weak",45.522,59.636,106.435,36999575.183,6.594,28.9,NA,NA,NA,NA,NA,NA,NA,"other"
"338","Yemen, Rep.",44.597,63.358,59.162,0.879,NA,3.792,NA,NA,NA,2.357,28498687,36.642,40.001,5.4,65,2.876,64,"weak",50.456,53.978,53.679,2342,NA,42.9,66.096,163,11,40,NA,NA,NA,NA
"339","Zambia",32.064,56.479,118.305,0.292,37.423,4.633,1430,38.237,86.748,2.913,17351822,43.521,45.411,4.5,90,2.1,94,"strong",27.438,23.341,89.157,734,7.433,40.4,63.51,23,13,20,65,3,"presidential republic","tropical"
"340","Zimbabwe",41.877,67.791,83.249,0.885,22.924,3.615,1790,25.512,NA,1.411,14439018,32.209,42.598,1.8,89,2.94,88,"relatively weak",22.252,37.325,89.405,3444,NA,33.9,61.195,52,10,3,28,3,"presidential republic","tropical"
